"name","category","start_time","duration","runners","host","id"
"The Mummy","Hub 1 — PS1","2021-01-07 13:08:00","00:28:11","Ecdycis","LLK",96
"Deus Ex: Human Revolution","Any% — PC","2021-01-07 21:43:00","00:45:48","Heinki","Brutal_Melo",105557
"Daily Recap - Thursday","Recap% —","2021-01-08 02:23:00","00:10:00","feasel, Keizaron, Blechy","",104
"Half-Life","WON - Scriptless — PC","2021-01-08 02:38:00","00:28:50","Muty","AnEternalEnigma",105
"Night in the Woods: DemonTower","DemonTower Any% — PC","2021-01-08 11:46:00","00:16:47","karlgerm","Michael Macaw",116
"Metal Gear Solid: The Twin Snakes","All Dog Tags (Extreme) — Gamecube","2021-01-08 13:07:00","01:13:26","Tyler2022","Bradderfield",118
"Nezumi Man","any% — PC","2021-01-08 14:29:00","00:20:32","nu","Bradderfield",119
"Luigi's Mansion","Any% — Wii","2021-01-08 15:03:00","00:11:15","HDlax","Bradderfield",120
"Super Mario Land 2: 6 Golden Coins","Any% Glitchless — GB","2021-01-08 15:48:00","00:27:12","AdamFerrari64, Oh_DeeR, EiP","KonceptioN2",121
"Wario Land: Super Mario Land 3","Any% — GB","2021-01-08 16:41:00","00:24:18","vlacksr","KonceptioN2",122
"Donkey Kong Country 2 Unveiled","Any% — SNES","2021-01-08 18:54:00","01:06:50","V0oid","briesbe",124
"Warcraft III: Reign of Chaos","Night Elf — PC","2021-01-08 20:24:00","00:56:09","CovertMuffin","musical_daredevil",125
"Final Fantasy VII","Any% — PC","2021-01-08 21:41:00","01:56:15","Doumeis","THEKyleThomas",126
"The Legend of Zelda: Majora's Mask","Any% — N64","2021-01-09 00:09:00","00:26:50","ClaireLynnD","drrock422",127
"Bonus Game 5 - Super Mario 64","16 Star Blindfolded — N64","2021-01-09 01:03:00","00:39:09","Bubzia","PurpleGhostKasper",128
"Super Mario Sunshine","Any% — Gamecube","2021-01-09 01:59:00","01:16:20","Nindiddeh","PurpleGhostKasper",129
"Daily Recap - Friday","Recap% —","2021-01-09 03:31:00","00:10:00","SpikeVegeta, Keizaron, Blechy, Kungfufruitcup","",130
"Oddworld: Stranger's Wrath HD","Any% Clipless — PC","2021-01-09 09:13:00","00:37:32","HuhnerSpeed","LLK",54267
"X-Men: The Arcade Game","1CC Console 6P JP Version — PS3","2021-01-09 14:06:00","00:28:49","LRock617","cartridgeblowers",132805
"Bloodstained: Curse of the Moon 2","Any% Ultimate Episode 1 — PC","2021-01-09 17:05:00","00:27:00","The Blacktastic","Nichole Goodnight",144
"Super Mario Bros. 2","any% Single Character Bidwar — NES","2021-01-09 17:45:00","00:11:39","coolkid","Nichole Goodnight",145
"Super Meat Boy","106% — PC","2021-01-09 18:06:00","01:26:27","shredberg","Mr. Game and Shout",146
"The Messenger","Linear No OoB — PC","2021-01-09 19:54:00","00:41:25","vlacksr","Mr. Game and Shout",147
"Beat Saber","Expert+ Showcase — PC (VR)","2021-01-09 20:51:38","01:11:59","Kungfufruitcup","marphoria",148
"TASBot plays The Legend of Zelda: Link's Awakening DX","no wrong warp by TwistedTammer — GB","2021-01-09 23:04:38","00:26:20","TASBot, TiKevin83","marphoria",150
"Sekiro: Shadows Die Twice","Any% Race — PC","2021-01-10 00:08:00","00:25:27","LilAggy, Mitchriz","Kungfufruitcup",151
"The Legend of Zelda: A Link to the Past","All Dungeons — SNES","2021-01-10 01:08:00","00:52:30","Glan","Kungfufruitcup",152
"Super Mario Bros. 35","Battle Showcase — Switch","2021-01-10 03:02:00","01:30:00","authorblues, Iateyourpie, Kosmic, adef","Skybilz",153
"Bonus Game 6 - The Legend of Zelda: Ocarina of Time","All Dungeons — Wii VC","2021-01-10 08:22:00","00:41:40","CLG ZFG","Brutal_Melo",156
"Dishonored 2","Any% Emily — PC","2021-01-05 02:39:00","00:30:14","DemonicRobots","French Toast",65550
"Divinity: Original Sin 2 Definitive Edition","any% Current Patch — PC","2021-01-05 03:32:00","00:26:34","Worldlyy","French Toast",31
"Daily Recap - Monday","Recap% —","2021-01-05 04:12:00","00:10:00","feasel, Keizaron, Kungfufruitcup","",32
"Diablo III","any% NG co-op — PC","2021-01-05 04:30:00","01:19:15","meatr0o, Heckson, Whisperra","VenBright",33
"Mortal Shell","Any% — PC","2021-01-05 06:05:00","00:39:09","LilAggy","VenBright",34
"Wild Arms","Any% No ACE — PS1","2021-01-05 07:01:00","01:40:37","cha0sRTA","THEKyleThomas",35
"Ultima VI: The False Prophet","Glitchless — PC","2021-01-05 08:57:00","00:23:10","Gyre","THEKyleThomas",36
"Journey to the Savage Planet","any% Post OGM — PC","2021-01-05 09:25:40","00:12:04","dkPuls","samorasie",37
"Revenge of the Bird King","All Treasures — Switch","2021-01-05 09:44:16","00:14:49","Fox of the Flame","samorasie",38
"Super Ledgehop: Double Laser","Good Ending — PC","2021-01-05 10:05:51","00:04:53","ChairGTables","samorasie",39
"Nikita: The Mystery of the Hidden Treasure","any% — PC","2021-01-05 10:20:28","00:15:02","havrd","samorasie",40
"Dracula II: Noroi no Fuuin","Any% All Mansions — NES","2021-01-05 10:47:15","00:40:18","Sathdresh","YoBGS",41
"Banana Prince","any% — NES","2021-01-05 11:35:50","00:12:55","swordsmankirby","YoBGS",42
"Little Samson","any% No Out of bounds — NES","2021-01-05 12:00:44","00:11:59","rayeo","YoBGS",43
"The Cowlitz Gamers' 2nd Adventure/Lost Adventure","Any% Easy — NES","2021-01-05 12:20:00","00:17:16","Bitty_Kong","YoBGS",44
"River City Girls","Kyoko All Bosses — PC","2021-01-05 13:39:00","01:00:57","BahamutX_","Prolix",65567
"Braid","Six Stars — PC","2021-01-05 22:32:00","00:30:19","KanBan85","ateatree",56842
"BPM: Bullets Per Minute","Njord Hard — PC","2021-01-06 02:18:00","00:21:04","Bullets","Doctor No",64958
"Golden Sun","Any% No Save & Quit — GBA","2021-01-06 13:32:00","03:50:36","Plexa","Argick",76
"Minecraft Dungeons","Any% (Random Seed) — PC","2021-01-06 17:54:00","00:41:32","MiphaSR","Asuka424",77
"Spider-Man: Shattered Dimensions","Any% — DS","2021-01-06 18:57:00","00:26:53","Jaxler","Asuka424",78
"Spyro Reignited Trilogy: Spyro 3 Year of the Dragon","Any% — PC","2021-01-06 19:34:00","01:02:53","Zic3","iggyzig",79
"Crash Bandicoot: N. Sane Trilogy","Crash Bandicoot 1 Any% — PC","2021-01-06 20:55:00","00:53:24","DepCow","iggyzig",80
"Ratchet & Clank: Going Commando","All Platinum Bolts — PS2","2021-01-06 22:12:00","01:17:04","Xem, DylWingo","iggyzig",81
"Devil May Cry 3: Special Edition","Vergil New Game — PC","2021-01-06 23:50:00","01:00:12","WaifuRuns","Bobby Blackwolf",82
"Super Mario World 2: Yoshi's Island","100% — SNES","2021-01-07 01:06:00","02:23:11","Calco2","Bobby Blackwolf",83
"The Legend of Zelda: Skyward Sword","Any% — Wii","2021-01-07 03:50:00","01:26:45","gymnast86","Kungfufruitcup",84
"Daily Recap - Wednesday","Recap% —","2021-01-07 05:27:00","00:10:00","SpikeVegeta, Keizaron, JHobz","",85
"The Lawnmower Man","Any% — SNES","2021-01-07 14:27:00","00:24:37","d4gr0n","LLK",95
"Wario Land 4","Hard Any% Zipless — GBA","2021-01-08 17:24:00","01:02:50","Mr_Shasta","briesbe",104331
"Super Orb Bros.","100% — NES","2021-01-10 05:03:00","00:18:58","mitchflowerpower","cartridgeblowers",154
"Mirror's Edge","Inbounds — PC","2021-01-03 16:56:00","00:42:39","Hekigan","briesbe",1
"Donkey Kong Country","Any% No Major Skips Race — SNES","2021-01-03 18:07:00","00:42:21","Eazinn, DadLovesBeer","briesbe",2
"Just Cause 3","Sky Fortress DLC — PC","2021-01-03 19:16:00","00:48:31","pmcTRILOGY","Asuka424",3
"Ratchet & Clank (2016)","NG+ — PS4","2021-01-03 20:26:00","00:31:01","PerilousPeanut","Asuka424",4
"Mega Man X5","Any% — PS1","2021-01-03 21:05:00","00:52:01","Luiz Miguel","Bradderfield",5
"Dragon Age: Origins","Any% — PC","2021-01-03 22:15:00","00:43:49","Lemuura","Bradderfield",6
"Ori and the Will of the Wisps","Main Quest Order Race — PC","2021-01-03 23:18:00","01:06:14","Hetfield90, Skarfelt","Bradderfield",7
"Diddy Kong Racing","100% — N64","2021-01-04 00:48:00","01:47:42","Obiyo","French Toast",8
"Metroid: Zero Mission","9% normal — GBA","2021-01-04 02:56:00","00:54:00","CScottyW","PurpleGhostKasper",9
"Daily Recap - Sunday","Recap% —","2021-01-04 04:08:00","00:10:00","SpikeVegeta, feasel, JHobz, Kungfufruitcup","",10
"Lightmatter","Any% NMG — PC","2021-01-04 04:18:00","00:45:13","bobbyburm","PurpleGhostKasper",11
"Pikmin 2","Pay Off Debt — Gamecube","2021-01-04 05:22:00","01:41:55","Draz","PurpleGhostKasper",12
"Metal Gear Solid 4: Guns of the Patriots","The Boss Extreme — PS3","2021-01-04 07:27:00","01:59:44","Jaguar King","VenBright",13
"Otogi: Myth of Demons","Any% — Xbox","2021-01-04 09:40:00","01:15:32","Ameiii","VenBright",14
"Ghostbusters","Any% — Genesis","2021-01-04 11:16:00","00:31:17","RetroBrando","Argick",15
"Magical Taruruuto-kun","Any% — Genesis","2021-01-04 11:53:00","00:17:19","Joeybaby69","Argick",16
"Ecco the Dolphin","Any% No Camera-Freeze — Genesis","2021-01-04 12:27:00","00:23:35","GrimShins","Argick",17
"Taz-Mania","any% — SMS","2021-01-04 12:56:00","00:08:32","coolkid","Argick",18
"Startropics","any% — NES","2021-01-04 13:42:00","01:05:15","BugDoctor","Mr. Game and Shout",20
"The Lucky Dime Caper starring Donald Duck","Beat the game — SMS","2021-01-04 15:00:00","00:17:52","Chachamaxx","Argick",19
"Yooka-Laylee and the Impossible Lair","24 Bees — PC","2021-01-04 15:34:00","00:50:53","hedweg","Mr. Game and Shout",21
"Turok: Dinosaur Hunter - PC Remaster","Any% — PC","2021-01-04 16:40:00","00:36:51","pale2","Mr. Game and Shout",22
"Sonic 1 (2013)","Tails: Beat The Game — Android","2021-01-04 17:37:00","00:20:03","flying fox","iggyzig",23
"Sonic 3: Angel Island Revisited","Any% Sonic + Tails — PC","2021-01-04 18:14:00","00:34:24","Zaxon96","iggyzig",24
"Sonic Mania","Sonic & Tails Good Ending — PC","2021-01-04 19:08:00","00:56:39","Argick","iggyzig",25
"Sonic the Hedgehog (2006)","Shadow's Story (No MSG) — Xbox 360","2021-01-04 20:32:00","00:50:26","Gordon Ramsay","iggyzig",26
"Darksiders","All Chosen Bosses — PC","2021-01-04 22:19:00","01:25:32","heny","Doctor No",183
"Dark Messiah of Might and Magic","Any% — PC","2021-01-05 00:00:00","00:27:01","Cropax","marphoria",28
"Bonus Game 1 - The Elder Scrolls V: Skyrim","Glitchless Main Quest — PC","2021-01-05 00:48:00","01:31:46","nucular","marphoria",29
"TASbot plays Freedom Planet","any% Milla by Fladervy, Tris255, and Revolucion — PC","2021-01-09 22:16:38","00:28:31","TASBot, TiKevin83","marphoria",151104
"Pokémon Blue","Catch 'em All — GB","2021-01-10 05:52:00","01:51:43","eddaket","Brutal_Melo",155
"Bonus Game 3 - Zelda: The Wand of Gamelon","All Cutscenes — CD-I","2021-01-07 05:42:00","00:52:53","Grumpmeister","Kungfufruitcup",86
"King's Quest VIII: Mask of Eternity","Any% — PC","2021-01-07 06:59:00","00:44:19","Chuck Grody","Prolix",87
"Pinobee: Wings of Adventure","Any% — GBA","2021-01-07 08:04:00","00:19:21","Mr_Shasta","Nichole Goodnight",88
"Epic Dumpster Bear 2: He Who Bears Wins","Any% race — PC","2021-01-07 08:35:00","00:23:58","Linkums, KowalLazy","Nichole Goodnight",89
"Snow White in Happily Ever After","Hard — SNES","2021-01-07 09:19:00","00:14:52","GarbitheGlitcheress","Nichole Goodnight",90
"Alcatraz: Prison Escape","MAXIMUM SECURITY — PC","2021-01-07 09:41:00","00:09:28","tbcr","AnEternalEnigma",91
"Mr. Bones","All Cutscenes — Saturn","2021-01-07 10:02:00","01:12:00","Lizstar","AnEternalEnigma",92
"Shinobi Legions","Cutscene% — Saturn","2021-01-07 11:28:00","00:42:56","Faust4712","LLK",93
"Energy","Any% Quality of Life Translation Patch — PCE","2021-01-07 12:23:00","00:25:45","GliitchWiitch","LLK",94
"Vigilance","Any% (Rookie - Hex) — PC","2021-01-07 13:48:00","00:38:28","Fireman","Doctor No",97
"Sammy Suricate in Lion Land","All Levels — PC","2021-01-07 15:09:00","00:11:16","rythin","Doctor No",98
"The Legend of Zelda: Link's Awakening DX","100% (no WW/OoB) — GBC","2021-01-07 15:34:00","01:21:09","GlyphDX","Doctor No",99
"Pokémon Platinum","Any% Glitchless — DS","2021-01-07 17:17:00","04:00:50","Etchy","Nichole Goodnight",100
"Halo 3: ODST","New Game+ Legendary — Xbox One","2021-01-07 23:00:00","01:23:44","Heroic_Robb","Brutal_Melo",102
"Bonus Game 4 - Halo 3","Easy — PC","2021-01-08 00:58:00","01:14:17","SasquatchSensei","Brutal_Melo",103
"Yakuza 6: The Song of Life","Any% — PS4","2021-01-09 03:47:00","02:24:22","Froob","Bobby Blackwolf",131
"Scooby-Doo! Night of 100 Frights","Any% No CE — Gamecube","2021-01-09 06:32:00","00:25:35","Jaxler, SnowyMoogle","LLK",132
"MediEvil","Any% NO DGS — PS1","2021-01-09 07:12:00","01:03:18","Jacobo the Chocobo","LLK",133
"Muchi Muchi Pork! 1.01","Harahara — Xbox 360","2021-01-09 08:31:00","00:33:40","Aquas","LLK",134
"Serious Sam: The First Encounter","any% co-op — PC","2021-01-09 10:18:00","00:24:43","mr.deagle, kykystas, Override, apple1417","Prolix",136
"Serious Sam: The Second Encounter","any% co-op — PC","2021-01-09 10:56:00","00:26:38","mr.deagle, kykystas, Override, apple1417","Prolix",137
"Thief II: The Metal Age","any% Normal NewDark — PC","2021-01-09 11:38:00","01:00:54","Psych0sis","cartridgeblowers",138
"Comfort Zone","All Exits 100% — SNES","2021-01-09 12:57:00","00:42:20","MrMightyMouse","cartridgeblowers",139
"Celeste","All C-Sides with Dance Pads — PC","2021-01-09 14:51:00","00:14:41","PeekingBoo","Nichole Goodnight",141
"Castlevania III: Dracula's Curse","Trevor Only vs. Alucard Bid War — NES","2021-01-09 15:24:00","00:27:57","freeland","Nichole Goodnight",142
"Castlevania: Order of Ecclesia","Albus any% — DS","2021-01-09 16:15:00","00:30:53","Diagon","Nichole Goodnight",143
"Fist of the North Star","Any% — NES","2021-01-05 12:43:00","00:12:36","Starwin","YoBGS",45
"RollerGames","Any% — NES","2021-01-05 13:04:00","00:15:33","ViruseReturns","YoBGS",46
"River City Ransom","Novice (Race) — NES","2021-01-05 15:03:00","00:09:25","yelsraek, willbobsled","Prolix",48
"Aladdin","All Stages (Practice Mode) — Genesis","2021-01-05 16:06:00","00:14:19","ZeeGee","Prolix",50
"Metroid","All Bosses — NES","2021-01-05 16:34:00","00:25:51","Tecate, CHX42","Skybilz",51
"Mega Man","Any% (One Hit KO/Buster Only) — NES","2021-01-05 17:15:00","00:28:33","coolkid","Skybilz",52
"Mega Man 11","Any% No OoB (Normal) — PC","2021-01-05 17:58:00","00:33:19","Amad","Skybilz",53
"Mega Man X3","Low% — SNES","2021-01-05 18:44:00","00:41:52","Luiz Miguel","Skybilz",54
"Tony Hawk's Underground 2","Story Easy — PC","2021-01-05 19:42:00","00:07:56","Biglaw","Skybilz",55
"Tony Hawk's Pro Skater 1+2","All Goals & Golds All Tours — PC","2021-01-05 20:01:00","00:16:31","PARTY MAN X","Skybilz",56
"Metroid Prime","100% — Gamecube","2021-01-05 20:41:00","01:43:06","edzan","ateatree",57
"Shovel Knight: Specter of Torment","New Game Plus — PC","2021-01-05 23:20:00","00:33:37","MooMooAkai","ateatree",59
"Cuphead","All Bosses (No Major Glitches) — PC","2021-01-06 00:11:00","00:32:06","Jason2890","ateatree",60
"Bonus Game 2 - Hades","3 Weapons — PC","2021-01-06 01:02:00","01:00:14","Vorime","Doctor No",61
"Daily Recap - Tuesday","Recap% —","2021-01-06 02:48:00","00:10:00","SpikeVegeta, Keizaron, Blechy, JHobz","",63
"Left 4 Dead 2","Main Campaigns Solo, Any Difficulty — PC","2021-01-06 03:02:00","00:59:10","WaifuRuns","AnEternalEnigma",64
"F.E.A.R.","Any% — PC","2021-01-06 04:32:00","00:55:09","Maxylobes","AnEternalEnigma",65
"Carrion","Any% — PC","2021-01-06 05:45:00","00:25:03","teddyras","AnEternalEnigma",66
"Axiom Verge","Any% — PC","2021-01-06 06:30:00","00:33:54","SaberaMesia","",67
"Silent Hill 3","Extra New Game — PC","2021-01-06 07:13:00","00:40:35","Punchy","zokubun",70
"Haunting Ground","A Ending NG+ — PS2","2021-01-06 08:03:15","01:10:18","Ecdycis","samorasie",68
"Resident Evil: Director's Cut","Jill (Arrange) Any% NMG — PS1","2021-01-06 09:20:15","01:04:13","RetroBrando","samorasie",69
"PIEN-ぴえん-","Any% — PC","2021-01-06 10:37:18","00:04:48","Swordfish4649","YoBGS",71
"Michael Jordan: Chaos in the Windy City","Any% — SNES","2021-01-06 10:55:08","00:25:54","apathyduck","YoBGS",72
"Ice Age: Scrat's Nutty Adventure","Any% — PC","2021-01-06 11:28:13","00:18:45","yoshipro","YoBGS",73
"Into The Breach","2-Island% - Frozen Titans — PC","2021-01-06 12:00:00","00:13:03","RooseSR","YoBGS",74
"Mario Golf: Toadstool Tour","Any% — Gamecube","2021-01-06 12:25:00","00:52:24","Bluekandy","",75
"Strider","100% — NES","2021-01-05 15:34:00","00:20:11","baldnate","Prolix",49
"Star Wars Jedi: Fallen Order","any% - No PBC — PC","2021-01-08 03:30:00","01:45:49","Pnash","AnEternalEnigma",106
"Resident Evil 5","NG Co-Op Amateur — PC","2021-01-08 05:38:00","01:42:07","DECosmic, AvuKamu","AnEternalEnigma",107
"TimeSplitters 2","Hard Story — PS2","2021-01-08 07:33:00","01:03:37","EmosewaMC","ateatree",108
"I Wanna Be The Fangame!","Any% (Medium) — PC","2021-01-08 08:56:00","00:21:55","Wolsk","ateatree",109
"Slowdrive","Any% — PC","2021-01-08 09:37:00","00:18:37","Bullets","ateatree",110
"Alwa's Legacy","any% — PC","2021-01-08 10:11:00","00:09:20","OldSchool_Richard","ateatree",111
"Sheepo","6 Real Eggs — PC","2021-01-08 10:26:00","00:21:52","QueenSnopea","ateatree",112
"Whipseey and the Lost Atlas","Beat the Game — PC","2021-01-08 11:03:00","00:12:21","MoD366","Michael Macaw",114
"Demolition Man","Crazed% — SNES","2021-01-08 11:25:00","00:13:30","Teleo1","Michael Macaw",115
"Inertial Drift","100% Viv — PC","2021-01-08 12:18:00","00:35:18","Sean_A","Bradderfield",117
