"name","category","start_time","duration","runners","host","id"
"Marathon 2: Durandal","Kindergarten — Xbox One","2022-01-11 08:11:32","00:35:35","tbcr","Prolix",23094
"Kyouryuu Sentai Zyuranger","Easy Mode — NES","2022-01-11 12:42:00","00:07:20","KLM1187","SuperJamoose",23099
"NieR: Automata","[A]ny% VC3 Mod Race — PC","2022-01-11 20:36:00","01:25:26","BlueMetal, Ameiii","Xenadir",23105
"Bonus Game 3 - Final Fantasy VII Remake Intergrade","INTERmission Normal any% — PS5","2022-01-12 01:09:00","00:50:34","GenericallyNamed, DutchPotato","TheCrankMachine",23108
"Captain Novolin","Any% — SNES","2022-01-13 11:00:02","00:07:44","Asuka424","SporadicErratic",87
"The Simpsons: Bart's House of Weirdness","any% — PC","2022-01-13 11:17:24","00:08:16","Fyzzu","SporadicErratic",88
"Darkman","any% — NES","2022-01-13 11:33:33","00:12:43","Neetsel","SporadicErratic",89
"Sonic Jam (Game.com)","All Games — Game.Com","2022-01-13 11:57:00","00:16:27","Finalflame","AmberCyprian",90
"Zadette","Gamer% Race — PC","2022-01-13 12:26:00","00:28:04","NPC, Neetsel, TenMicu, mooware","AmberCyprian",91
"Cranked Up","Floor is Lava — PC","2022-01-13 13:07:00","00:11:08","Bullets","AmberCyprian",92
"Discworld","any% ScummVM No Act Return — PC","2022-01-13 13:23:00","00:19:00","Mindez","AmberCyprian",93
"Castlevania: Lament of Innocence","Any% Leon — PS3","2022-01-13 13:56:00","00:46:51","LonerHero","Ashewyn",94
"Castlevania: Dracula X","Any% Bad Ending Race — SNES","2022-01-13 14:56:00","00:15:37","SBDWolf, Crunan","Ashewyn",95
"Castlevania: Circle of the Moon","Vampire Killer All Bosses — PC","2022-01-13 15:27:00","00:29:32","JupiterClimb","Ashewyn",96
"Castlevania Chronicles","Original Mode TAS — PS1","2022-01-13 16:16:00","00:25:56","strizer86","Ashewyn",97
"Half-Life 2","Any% No Voidclip — PC","2022-01-13 16:57:00","00:52:07","Maltemller","SaberaMesia",98
"Lost Judgment","Any% — PS5","2022-01-13 19:37:00","02:37:00","Froob","Bobby Blackwolf",100
"Bonus Game 5 - Resident Evil Village","Village of Shadows - Glitchless — PC","2022-01-14 02:15:00","01:55:54","7rayD","AnEternalEnigma",102
"Daily Recap - Thursday","Recap% — Live","2022-01-14 04:21:00","00:15:00","feasel, Kungfufruitcup, adef","AnEternalEnigma",103
"Oatmeal","50% — PC","2022-01-14 10:59:00","00:04:28","Konasumi","SporadicErratic",111
"Wave Break","Any% — PC","2022-01-14 11:19:04","00:14:07","Biglaw","SporadicErratic",113
"Ultraman Ball","any% — GB","2022-01-14 11:47:56","00:08:30","giygasblues","SporadicErratic",112
"Uncharted 2: Among Thieves","Any% — PS5","2022-01-15 05:36:00","01:22:20","Mattmatt","iggyzig",125
"Tetris Attack","VS Mode (Very Hard) — SNES","2022-01-15 10:48:36","00:09:45","FFR Pro 21","THEKyleThomas",129
"Casio Mario World","any% — SNES","2022-01-15 14:17:00","00:35:59","kezcade","Skybilz",134
"SpongeBob SquarePants: Battle for Bikini Bottom","Any% — Xbox","2022-01-15 15:06:00","00:47:31","SHiFT","Skybilz",135
"Subnautica","Survival Any% — PC","2022-01-15 16:12:00","00:42:23","salvner","Skybilz",136
"EarthBound","Any% — SNES","2022-01-15 17:12:00","00:48:58","octopuscal","Bobby Blackwolf",137
"The Legend of Zelda: A Link to the Past","All Bosses (No Exploration Glitch) — SNES","2022-01-15 21:31:00","00:54:02","hotarubi_ta","cartridgeblowers",140
"Portal 2","Inbounds — PC","2022-01-16 01:58:00","01:01:20","Msushi","",147753
"Metal Gear Solid","Console, All Bosses, Extreme — PSTV","2022-01-16 05:26:47","01:21:20","dlimes13","ateatree",145
"Spyro: Attack of the Rhynocs","any% — GBA","2022-01-10 13:46:00","00:20:41","Breadghost","samorasie",23
"Part Time UFO","Any% — Switch","2022-01-10 14:17:00","00:26:59","ykrin","frozenflygone",24
"Kirby's Dream Land 3","Any% (No 2P) — Switch","2022-01-10 15:03:00","01:05:35","Darksol188","frozenflygone",25
"Chicory: A Colorful Tale","All Bosses And Trials — PC","2022-01-10 17:11:00","00:33:13","Punchy","frozenflygone",27
"Crash Team Racing","Any% (No Major Glitches) — PS1","2022-01-10 18:04:00","00:50:51","hypnoshark","Edobean",28
"Webbed","Any% — PC","2022-01-10 19:30:00","00:17:21","ShadowthePast","Edobean",29
"Mega Man X4","100% Zero vs X — PS1","2022-01-10 20:03:00","00:44:54","Luiz Miguel","Edobean",30
"Psychonauts 2","Any% — PC","2022-01-10 21:11:00","01:30:56","ItzBytez","ateatree",31
"Bonus Game 2 - Super Monkey Ball: Banana Mania","Story Mode All Worlds Race — PC","2022-01-10 23:13:00","00:39:20","Helix, PetresInc","ateatree",32
"Ori and the Blind Forest","All Cells (No OOB/TA) — PC","2022-01-11 00:10:00","00:48:42","rinSR","ateatree",33
"Super Mario Galaxy","Any% Luigi Race — Wii U","2022-01-11 01:31:00","02:21:30","Tibs, HardcoreGaming, Jhay, Mr. Cloud Kirby","Char_bunny",34
"Daily Recap - Monday","Recap% — Live","2022-01-11 04:00:00","00:15:00","feasel, JHobz, Kungfufruitcup","Char_bunny",35
"Pumpkin Jack","NG+ No OOB — PC","2022-01-11 04:28:00","00:53:17","Jaxler","Char_bunny",36
"Hitman: Codename 47","All Missions — PC","2022-01-11 05:46:00","00:39:49","valdemarka","Prolix",37
"Serious Sam 4","All Levels — PC","2022-01-11 06:38:00","01:06:40","Tezur0","Prolix",38
"Beast Wars: Transformers","Predacon Campaign — PS1","2022-01-11 09:03:43","00:24:38","AilisNoon","Prolix",40
"Metal Warriors","Any% — SNES","2022-01-11 09:38:40","00:16:00","Omnigamer","Sandsh8rk",41
"Astalon: Tears of the Earth","Any% — PC","2022-01-11 10:04:38","00:52:31","strizer86","Sandsh8rk",42
"Willow","any% — NES","2022-01-11 11:10:09","01:03:19","Sathdresh","Sandsh8rk",43
"SNOLF 0","Any% — Genesis","2022-01-12 13:28:00","00:27:05","dowolf","Doctor No",66
"Pokémon Crystal Key Item Randomizer","Any% (beat Red) — GBC","2022-01-12 17:41:00","02:34:41","Keizaron, 360Chrism, Shenanagans","Skybilz",23271
"Garshasp: The Monster Slayer","No Void Rolling — PC","2022-01-13 09:38:38","00:26:04","Stacky McBears","Lanaruse",84
"Kingdom Hearts II Final Mix HD","Co-op Randomizer Race — PC","2022-01-13 22:31:00","03:14:07","spikevegeta, JHobz, RoseCurel, Violin","Nukkular_Reaction",23301
"SYNTHETIK: Legion Rising","220% coop (v26) — PC","2022-01-14 12:14:00","00:09:50","PhoenyxBird, Will","SporadicErratic",23314
"Spider-Man 2","any% — Xbox","2022-01-15 08:56:07","00:57:23","Slyfincleton","THEKyleThomas",127
"Teenage Mutant Ninja Turtles: Out of the Shadows","Co-op NG+ — PC","2022-01-15 12:28:00","00:54:06","havrd, Timopy, epicdudeguy, Kainalo","Nichole Goodnight",23332
"The Legend of Spyro: The Eternal Night","Any% (Dark) — GBA","2022-01-15 13:35:00","00:27:55","CDRomatron","Nichole Goodnight",23333
"Halo: Combat Evolved","Legendary — PC","2022-01-15 19:44:00","01:17:38","Chronos_R","cartridgeblowers",139
"Sekiro: Shadows Die Twice","Blindfolded Any% — PC","2022-01-15 23:40:00","02:00:35","Mitchriz","Mr. Game and Shout",142
"Nioh 2","Any% Featherless — PS5","2022-01-09 17:07:00","01:27:15","AxelSanGo","PurpleGhostKasper",1
"Metroid Prime Hunters","All Items — DS","2022-01-09 18:53:00","01:20:12","Mr_Shasta","PurpleGhostKasper",2
"Donkey Kong Country 2: Diddy's Kong Quest","Any% — SNES","2022-01-09 20:50:00","00:41:00","Eazinn, V0oid, SBDWolf, Tonkotsu","Skybilz",3
"DEATHLOOP","Any% — PC","2022-01-09 21:57:00","00:26:46","CreeperHntr","Skybilz",4
"Axiom Verge 2","Any% Major Glitches — PC","2022-01-09 22:32:00","00:11:54","SeraphinEveles","Skybilz",5
"Mega Man 2","any% (difficult) — NES","2022-01-09 23:03:00","00:27:02","coolkid","Skybilz",6
"Bonus Game 1 - Metal Gear Solid 2: Substance","Tanker Blindfolded — PC","2022-01-09 23:44:00","00:10:26","ApacheSmash","Skybilz",7
"Death's Door","Current Patch Any% — PC","2022-01-10 00:15:00","01:01:33","Scrublord","Mr. Game and Shout",8
"The Legend of Zelda: Oracle of Seasons","All Essences — GBC","2022-01-10 02:36:00","01:42:04","TGH","Char_bunny",10
"Daily Recap - Sunday","Recap% — Live","2022-01-10 04:28:00","00:15:00","spikevegeta, feasel, Keizaron, JHobz","Char_bunny",11
"Dead Space 2","any% — PC","2022-01-10 04:46:00","01:11:07","sharkhat87","Char_bunny",12
"Samurai Jack: Battle Through Time","Any% NG+ — PC","2022-01-10 06:09:00","00:32:03","A Flyin Coconut","Brutal_Melo",13
"RITE","Any% — PC","2022-01-10 06:49:00","00:27:33","Lincher","Brutal_Melo",14
"Mail Mole","Any% — PC","2022-01-10 07:25:00","01:01:09","headstrong1290","Brutal_Melo",15
"Antichamber","100% — PC","2022-01-10 08:43:40","00:21:43","Ozmourn","Sandsh8rk",16
"Judge Dredd","any% — SNES","2022-01-10 09:16:13","00:26:05","Traviktox","Sandsh8rk",17
"Bust-A-Move 4","Puzzle - Arcade (Normal) — PS1","2022-01-10 09:52:37","00:17:22","poshi","Sandsh8rk",18
"ActRaiser","Professional! Mode Race — SNES","2022-01-10 10:28:23","00:22:15","Aquas, Teleo1","Sandsh8rk",19
"Beyond Oasis","any% — PC","2022-01-10 11:22:08","00:44:08","Delekates","Sandsh8rk",20
"Gunstar Heroes","Any% Expert — Genesis","2022-01-10 12:19:00","00:38:30","dagronSR","samorasie",21
"Environmental Station Alpha","Surface Ending — PC","2022-01-10 13:11:00","00:25:53","Vicas","samorasie",22
"Journey","Any% White Robe Glitched — PC","2022-01-14 13:32:00","00:18:09","nathanj","SporadicErratic",116
"Yu-Gi-Oh! Forbidden Memories","Any% Race w/ 15 Card Drop Mod — PSX","2022-01-14 14:19:00","02:45:43","Keizaron, skybilz","Nukkular_Reaction",117
"Pokémon Omega Ruby/Alpha Sapphire","Any% race (OR vs. AS) — 3DS","2022-01-14 21:27:00","03:08:10","wartab, truely","frozenflygone",121
"Hades","All Weapons Race — PC","2022-01-15 03:21:00","01:38:43","tounis, cgull","Lanaruse",124
"Donut County","Beat The Game — PC","2022-01-15 10:03:35","00:34:07","GreenSnowDog","THEKyleThomas",128
"Fallout: New Vegas","All Unique Weapons — PC","2022-01-15 18:23:00","00:56:06","BananaPegasus","Bobby Blackwolf",23483
"Sonic R","100% (No OoB) — Wii","2022-01-12 14:09:00","00:15:28","Risuruuu","Doctor No",67
"Sonic Robo Blast 2","Sonic Any% — PC","2022-01-12 14:44:00","00:26:09","Lemin","Doctor No",68
"Sonic the Hedgehog 4: Episode II","Any% Co-op — PC","2022-01-12 15:28:00","00:43:47","Argick, AmberCyprian","Edobean",69
"Sonic Adventure DX: Director's Cut","Sonic's Story — PC","2022-01-12 16:29:00","00:31:46","AFWagers","Edobean",70
"Slay the Spire","4 Character Unseeded — PC","2022-01-12 20:36:00","00:38:04","SpeedFrog","Xenadir",72
"GeoGuessr","Perfect Score / Co-op — PC","2022-01-12 21:43:00","00:40:19","havrd, Janmumrik","Xenadir",73
"ShootMania Storm","Hard Map Showcase — PC","2022-01-12 22:41:00","00:25:47","SBVille","iggyzig",74
"Trackmania","Community Maps Showcase — PC","2022-01-12 23:26:00","00:55:55","Rastats","iggyzig",75
"Bonus Game 4 - Rocket League","Workshop Showcase - Multiple Runners — PC","2022-01-13 00:54:00","01:06:26","BoneyPlatypus, blaku, Jimingo, ThundaSurge","iggyzig",76
"Risk of Rain 2","Any% — PC","2022-01-13 02:25:00","00:10:00","Gothrand","iggyzig",77
"Halo 5: Guardians","Full Game Legendary — Xbox One","2022-01-13 02:53:00","01:32:54","Distro","cartridgeblowers",78
"Daily Recap - Wednesday","Recap% — Live","2022-01-13 04:39:00","00:15:00","spikevegeta, Keizaron, adef","cartridgeblowers",79
"Diddy Kong Racing","All Trophy Races 3-Way Race — N64","2022-01-13 04:59:00","00:23:37","Obiyo, Sweenerdog, tridenttail","cartridgeblowers",80
"Splatoon 2","NG+ — Switch","2022-01-13 05:41:00","01:04:01","talontrottinian","TheCrankMachine",81
"3DS Zelda Game Bidwar","Any% Majora's Mask 3D or Ocarina of Time 3D — 3DS","2022-01-13 07:12:00","00:38:50","gymnast86","TheCrankMachine",82
"Zelda's Adventure","Any% — CD-i","2022-01-13 08:06:53","01:16:11","Douggernaught","Lanaruse",83
"crossbeats REV. Sunrise","Showcase — Arcade","2022-01-14 04:36:00","01:17:34","jammitch!","AnEternalEnigma",104
"Ynglet","100% (Challenging) — PC","2022-01-14 06:11:00","00:18:53","warm_ham","AnEternalEnigma",105
"It Takes Two","Any% — PC","2022-01-14 06:42:00","01:45:26","ItzBytez, whoishyper","PurpleGhostKasper",106
"Marble It Up!","Full Game Classic — PC","2022-01-14 08:44:47","00:34:25","Hatchet302","SuperJamoose",107
"The Elder Scrolls IV: Oblivion","No DFS (No Dragonfire Skip) — PC","2022-01-14 09:27:34","00:30:05","DizzySplits","SuperJamoose",108
"Stardew Valley","Glitched Community Center Restoration — PC","2022-01-14 10:10:59","00:17:13","Olenoname","SporadicErratic",109
"I Am Bread","Any% — PC","2022-01-14 10:46:52","00:06:14","PootLoops","SporadicErratic",110
"Rockman & Forte","Any% (Rockman) — SNES","2022-01-14 12:38:00","00:36:07","Amad","SporadicErratic",115
"Portal Reloaded","No SLA — PC","2022-01-14 17:42:00","00:18:48","Msushi","Brutal_Melo",118
"Dark Souls","All Bosses Race — PC","2022-01-14 18:19:00","01:20:02","Regole, Danflesh","Brutal_Melo",119
"Bonus Game 6 - StepMania/NotITG","Mods Boot Camp 3 Exhibition — PC","2022-01-15 00:59:00","01:50:00","SpootyBiscuit","Lanaruse",122
"Daily Recap - Friday","Recap% — Live","2022-01-15 03:02:00","00:13:12","Keizaron, JHobz, adef","Lanaruse",123
"Wario Land: Shake It!","Beat the Game — Wii-U","2022-01-15 07:16:00","01:23:43","Kirbymastah","iggyzig",126
"Marvel's Spider-Man Remastered","Silver Lining Any% Ultimate — PS5","2022-01-10 01:38:00","00:32:24","Pessilist","Mr. Game and Shout",26979
"Kena: Bridge of Spirits","Any% NMG (Hard) — PC","2022-01-10 16:25:00","00:28:35","InsertLogic","frozenflygone",29751
"Bucky O'Hare","Normal Mode — NES","2022-01-11 12:56:00","00:26:21","KLM1187","SuperJamoose",45
"Gargoyle's Quest II","any% — NES","2022-01-11 13:39:00","00:26:49","vanni_van","SuperJamoose",46
"Spacegulls","100% v1.1 — NES","2022-01-11 14:22:00","00:08:16","Oopla","SuperJamoose",47
"The Krion Conquest","Any% Race (JP Version) — NES","2022-01-11 14:36:00","00:21:37","KLM1187, stone_clive","SuperJamoose",48
"Final Fantasy XIII","Any% — PC","2022-01-11 15:26:00","04:42:37","Kayarune","Bobby Blackwolf, SaberaMesia",49
"Ratchet & Clank (2002)","New Game+ — PS3","2022-01-11 22:22:00","00:22:10","deltadoid","Xenadir",51
"Ratchet & Clank: Rift Apart","NG+ — PS5","2022-01-11 23:07:00","01:30:43","mobius","Xenadir",52
"Returnal","Fresh File Any% — PS5","2022-01-12 02:16:00","00:46:04","cavecavecave","TheCrankMachine",54
"Daily Recap - Tuesday","Recap% — Live","2022-01-12 03:21:00","00:15:00","spikevegeta, feasel, Kungfufruitcup","TheCrankMachine",55
"Dead Rising","TimeSkip NG — PC","2022-01-12 03:36:00","00:36:01","Ecdycis","AnEternalEnigma",56
"Tormented Souls","Full Game Any% — PC","2022-01-12 04:27:01","01:01:40","RebeccaRE","AnEternalEnigma",57
"FAITH: Chapter II","Ending III: Initiation — PC","2022-01-12 05:53:41","00:21:42","Vynn","Nichole Goodnight",58
"PAON-ぱおん- BEYOND THE PIEN","Any% — PC","2022-01-12 06:28:23","00:04:39","Swordfish4649","Nichole Goodnight",59
"Eternal Darkness: Sanity's Requiem","Any% No Cutscene Storage — Wii","2022-01-12 06:55:02","01:29:03","Pandora_jane","THEKyleThomas",60
"Kuon","Yin Phase vs Yang Phase — PS2","2022-01-12 08:48:48","00:42:09","MissScarletTanager","THEKyleThomas",61
"Three Dirty Dwarves","Normal — Saturn","2022-01-12 09:50:10","00:46:54","Lizstar","AmberCyprian",62
"We Love Katamari","Any% — PS2","2022-01-12 10:55:00","00:57:18","Harutomo","AmberCyprian",63
"The Typing of the Dead","Arcade% — PC","2022-01-12 12:04:00","00:30:16","teapartycthulu","AmberCyprian",64
"Teenage Mutant Ninja Turtles: The Hyperstone Heist","Hard% — Genesis","2022-01-12 12:44:00","00:22:48","Crunan","AmberCyprian",65
"Taz-Mania","Any% — Game Gear","2022-01-13 10:07:32","00:08:09","Grumpmeister","SporadicErratic",85
"Meegah Mem II","Any% — PC","2022-01-13 10:27:14","00:28:19","LV Creed","SporadicErratic",86
"Keep Talking and Nobody Explodes","The Centurion — PC","2022-01-13 18:16:00","00:53:30","Procyon","SaberaMesia",28229
"Super Mario 3D Land","Warpless — 3DS","2022-01-14 20:01:00","01:03:14","zeldacubed1","Brutal_Melo",127285
"Blazing Chrome","Arcade Mode (Normal) - Gun — PC","2022-01-15 11:12:26","00:27:14","Kirthar","Nichole Goodnight",130
"Bishoujo Senshi Sailor Moon R","Chibi% normal — SNES","2022-01-15 11:51:00","00:21:00","Norishige710","Nichole Goodnight",131
"Tetris: The Grand Master","GM Race — Arcade","2022-01-15 23:01:00","00:11:53","JBroms, PARTY MAN X, PiePusher11, spc","Mr. Game and Shout",141
"Bonus Game 7 - Deltarune","Chapter 2 Main Route — PC","2022-01-16 03:38:00","00:30:37","Shayy","ateatree",143
"Event Recap","Recap 100% — Live","2022-01-16 04:17:37","00:22:00","Sent, darkman78, JHobz, sumichu","ateatree",144
